gene,spacer,position,strand,pam,gc_content,on_target_score,offtarget_hits_0mm,offtarget_hits_1mm,offtarget_hits_2mm,offtarget_hits_3mm,offtarget_penalty,specificity_score,total_strains,perfect_match_strains,one_mismatch_or_better_strains,pam_supported_strains,perfect_match_fraction,one_mismatch_or_better_fraction,pam_supported_fraction,conservation_score,mean_strain_score,min_strain_score,std_strain_score,final_score,classification,guide_key,weight_scheme,final_score_new,classification_new,rank_on_target,rank_off_target,rank_conservation,rank_final,consensus_score,rank_consensus,expanded_strain_count,expanded_exact_match_count,expanded_conservation_pct,expanded_conservation_class,matched_sequence_ids,match_orientations,retained,spacer_rna,rna_structure,mfe,rna_accessibility_score,rs3_score_type,rs3_score,unified_score_optionA,classification_optionA,rank_original,rank_optionA,rank_shift
blaKPC,AGCGACGGAATAGTGTATGG,205,-,CGG,50.0,82.0,0,0,0,0,0,100.0,3,3,3,3,1.0,1.0,1.0,100.0,100.0,100.0,0.0,92.8,Excellent,blaKPC|205|AGCGACGGAATAGTGTATGG,40/30/30,92.8,Excellent,3.0,1.0,1.0,3.0,94.0,3.0,50,0,0.0,Weakly conserved,,,False,AGCGACGGAAUAGUGUAUGG,,,,RS3-style proxy,84.0,91.33333333333333,Excellent,1.0,1.0,0.0
blaKPC,AGCGACGGAATAGTGTATGG,282,-,CGG,50.0,82.0,0,0,0,0,0,100.0,3,3,3,3,1.0,1.0,1.0,100.0,100.0,100.0,0.0,92.8,Excellent,blaKPC|282|AGCGACGGAATAGTGTATGG,40/30/30,92.8,Excellent,3.0,1.0,1.0,3.0,94.0,3.0,50,0,0.0,Weakly conserved,,,False,AGCGACGGAAUAGUGUAUGG,,,,RS3-style proxy,84.0,91.33333333333333,Excellent,1.0,1.0,0.0
blaKPC,TTGTCATCCTTGTTAGGCGG,47,+,CGG,50.0,80.0,0,0,0,0,0,100.0,3,3,3,3,1.0,1.0,1.0,100.0,100.0,100.0,0.0,92.0,Excellent,blaKPC|47|TTGTCATCCTTGTTAGGCGG,40/30/30,92.0,Excellent,25.0,1.0,1.0,23.0,93.33333333333331,23.0,50,0,0.0,Weakly conserved,,,False,UUGUCAUCCUUGUUAGGCGG,,,,RS3-style proxy,84.0,90.66666666666666,Excellent,9.0,3.0,6.0
blaKPC,TGCTTGTCATCCTTGTTAGG,44,+,CGG,45.0,80.0,0,0,0,0,0,100.0,3,3,3,3,1.0,1.0,1.0,100.0,100.0,100.0,0.0,92.0,Excellent,blaKPC|44|TGCTTGTCATCCTTGTTAGG,40/30/30,92.0,Excellent,25.0,1.0,1.0,23.0,93.33333333333331,23.0,50,32,64.0,Weakly conserved,PZ259408.1;PZ155167.1;PX910544.1;OP380274.1;OP380273.1;NG_246044.1;NG_246041.1;NG_246040.1;NG_246039.1;NG_246038.1;NG_149662.1;NG_088405.1;NG_088403.1;NG_088402.1;NG_088401.1;NG_088400.1;NG_088399.1;NG_088394.1;NG_080780.1;NG_079898.1,reverse_complement,False,UGCUUGUCAUCCUUGUUAGG,,,,RS3-style proxy,78.0,89.66666666666667,Excellent,9.0,4.0,5.0
blaKPC,AACAAGGATGACAAGCACAG,38,-,CGG,45.0,82.0,0,0,0,0,0,100.0,3,3,3,3,1.0,1.0,1.0,100.0,100.0,100.0,0.0,92.8,Excellent,blaKPC|38|AACAAGGATGACAAGCACAG,40/30/30,92.8,Excellent,3.0,1.0,1.0,3.0,94.0,3.0,50,31,62.0,Weakly conserved,PZ259408.1;PZ155167.1;PX910544.1;OP380274.1;OP380273.1;NG_246044.1;NG_246041.1;NG_246040.1;NG_246039.1;NG_246038.1;NG_149662.1;NG_088405.1;NG_088403.1;NG_088402.1;NG_088401.1;NG_088400.1;NG_088399.1;NG_080780.1;NG_079898.1;NG_070897.1,forward,False,AACAAGGAUGACAAGCACAG,,,,RS3-style proxy,74.0,89.66666666666667,Excellent,1.0,4.0,-3.0
blaKPC,AGCAGCAGCAGCAACAACGG,81,-,CGG,60.0,82.0,0,0,0,0,0,100.0,3,3,3,3,1.0,1.0,1.0,100.0,100.0,100.0,0.0,92.8,Excellent,blaKPC|81|AGCAGCAGCAGCAACAACGG,40/30/30,92.8,Excellent,3.0,1.0,1.0,3.0,94.0,3.0,50,0,0.0,Weakly conserved,,,False,AGCAGCAGCAGCAACAACGG,,,,RS3-style proxy,72.0,89.33333333333333,Excellent,1.0,6.0,-5.0
blaKPC,AGAGCCTTACTGCCCGAAGG,171,+,CGG,60.0,82.0,0,0,0,0,0,100.0,3,3,3,3,1.0,1.0,1.0,100.0,100.0,100.0,0.0,92.8,Excellent,blaKPC|171|AGAGCCTTACTGCCCGAAGG,40/30/30,92.8,Excellent,3.0,1.0,1.0,3.0,94.0,3.0,50,0,0.0,Weakly conserved,,,False,AGAGCCUUACUGCCCGAAGG,,,,RS3-style proxy,72.0,89.33333333333333,Excellent,1.0,6.0,-5.0
mecA,GTTGCTGATGCTGGTGCTAT,287,+,CGG,50.0,78.0,0,0,0,0,0,100.0,3,3,3,3,1.0,1.0,1.0,100.0,100.0,100.0,0.0,91.2,Excellent,mecA|287|GTTGCTGATGCTGGTGCTAT,40/30/30,91.2,Excellent,66.0,1.0,1.0,61.0,92.66666666666669,61.0,50,0,0.0,Weakly conserved,,,False,GUUGCUGAUGCUGGUGCUAU,,,,RS3-style proxy,78.0,88.99999999999999,Excellent,24.0,8.0,16.0
mecA,ACTGAACGTCCGATAAAGGT,56,+,TGG,45.0,80.0,0,0,0,0,0,100.0,3,3,3,3,1.0,1.0,1.0,100.0,100.0,100.0,0.0,92.0,Excellent,mecA|56|ACTGAACGTCCGATAAAGGT,40/30/30,92.0,Excellent,25.0,1.0,1.0,23.0,93.33333333333331,23.0,50,0,0.0,Weakly conserved,,,False,ACUGAACGUCCGAUAAAGGU,,,,RS3-style proxy,73.0,88.83333333333333,Excellent,9.0,9.0,0.0
blaKPC,TTCCGTCGCTAAACTCGAAC,218,+,AGG,50.0,76.0,0,0,0,0,0,100.0,3,3,3,3,1.0,1.0,1.0,100.0,100.0,100.0,0.0,90.4,Excellent,blaKPC|218|TTCCGTCGCTAAACTCGAAC,40/30/30,90.4,Excellent,109.0,1.0,1.0,102.0,92.0,102.0,50,0,0.0,Weakly conserved,,,False,UUCCGUCGCUAAACUCGAAC,,,,RS3-style proxy,80.0,88.66666666666666,Excellent,39.0,10.0,29.0
blaKPC,TTCCGTCGCTAAACTCGAAC,295,+,AGG,50.0,76.0,0,0,0,0,0,100.0,3,3,3,3,1.0,1.0,1.0,100.0,100.0,100.0,0.0,90.4,Excellent,blaKPC|295|TTCCGTCGCTAAACTCGAAC,40/30/30,90.4,Excellent,109.0,1.0,1.0,102.0,92.0,102.0,50,0,0.0,Weakly conserved,,,False,UUCCGUCGCUAAACUCGAAC,,,,RS3-style proxy,80.0,88.66666666666666,Excellent,39.0,10.0,29.0
mecA,TGCTGCTATCGTTGCTGCTA,82,+,TGG,50.0,78.0,0,0,0,0,0,100.0,3,3,3,3,1.0,1.0,1.0,100.0,100.0,100.0,0.0,91.2,Excellent,mecA|82|TGCTGCTATCGTTGCTGCTA,40/30/30,91.2,Excellent,66.0,1.0,1.0,61.0,92.66666666666669,61.0,50,0,0.0,Weakly conserved,,,False,UGCUGCUAUCGUUGCUGCUA,,,,RS3-style proxy,75.0,88.5,Excellent,24.0,12.0,12.0
mecA,GATGCTGGTGCTATCGGTGC,293,+,TGG,60.0,80.0,0,0,0,0,0,100.0,3,3,3,3,1.0,1.0,1.0,100.0,100.0,100.0,0.0,92.0,Excellent,mecA|293|GATGCTGGTGCTATCGGTGC,40/30/30,92.0,Excellent,25.0,1.0,1.0,23.0,93.33333333333331,23.0,50,0,0.0,Weakly conserved,,,False,GAUGCUGGUGCUAUCGGUGC,,,,RS3-style proxy,71.0,88.5,Excellent,9.0,12.0,-3.0
mecA,GCTGCTGCTGTTGCTGATGC,278,+,TGG,60.0,80.0,0,0,0,0,0,100.0,3,3,3,3,1.0,1.0,1.0,100.0,100.0,100.0,0.0,92.0,Excellent,mecA|278|GCTGCTGCTGTTGCTGATGC,40/30/30,92.0,Excellent,25.0,1.0,1.0,23.0,93.33333333333331,23.0,50,0,0.0,Weakly conserved,,,False,GCUGCUGCUGUUGCUGAUGC,,,,RS3-style proxy,71.0,88.5,Excellent,9.0,12.0,-3.0
blaKPC,AGCAGCAGCAACAACGGCGG,78,-,CGG,65.0,82.0,0,0,0,0,0,100.0,3,3,3,3,1.0,1.0,1.0,100.0,100.0,100.0,0.0,92.8,Excellent,blaKPC|78|AGCAGCAGCAACAACGGCGG,40/30/30,92.8,Excellent,3.0,1.0,1.0,3.0,94.0,3.0,50,0,0.0,Weakly conserved,,,False,AGCAGCAGCAACAACGGCGG,,,,RS3-style proxy,66.0,88.33333333333333,Excellent,1.0,15.0,-14.0
mecA,AACGCTGCTGCTATCGGTGC,107,+,TGG,60.0,80.0,0,0,0,0,0,100.0,3,3,3,3,1.0,1.0,1.0,100.0,100.0,100.0,0.0,92.0,Excellent,mecA|107|AACGCTGCTGCTATCGGTGC,40/30/30,92.0,Excellent,25.0,1.0,1.0,23.0,93.33333333333331,23.0,50,0,0.0,Weakly conserved,,,False,AACGCUGCUGCUAUCGGUGC,,,,RS3-style proxy,68.0,88.0,Excellent,9.0,16.0,-7.0
blaKPC,GCCTTACTGCCCGAAGGCGG,174,+,CGG,70.0,82.0,0,0,0,0,0,100.0,3,3,3,3,1.0,1.0,1.0,100.0,100.0,100.0,0.0,92.8,Excellent,blaKPC|174|GCCTTACTGCCCGAAGGCGG,40/30/30,92.8,Excellent,3.0,1.0,1.0,3.0,94.0,3.0,50,0,0.0,Weakly conserved,,,False,GCCUUACUGCCCGAAGGCGG,,,,RS3-style proxy,63.0,87.83333333333333,Excellent,1.0,17.0,-16.0
blaKPC,CGGCTCCATCGGTGTGTACG,248,+,CGG,65.0,82.0,0,0,0,0,0,100.0,3,3,3,3,1.0,1.0,1.0,100.0,100.0,100.0,0.0,92.8,Excellent,blaKPC|248|CGGCTCCATCGGTGTGTACG,40/30/30,92.8,Excellent,3.0,1.0,1.0,3.0,94.0,3.0,50,48,96.0,Highly conserved,PZ259408.1;PZ155167.1;PX910544.1;OP380274.1;OP380273.1;NG_246046.1;NG_246045.1;NG_246044.1;NG_246043.1;NG_246042.1;NG_246041.1;NG_246039.1;NG_246038.1;NG_244123.1;NG_242294.1;NG_149662.1;NG_148627.1;NG_088405.1;NG_088403.1;NG_088402.1,forward,True,CGGCUCCAUCGGUGUGUACG,,,,RS3-style proxy,62.0,87.66666666666666,Excellent,1.0,18.0,-17.0
mecA,GGTGCTGCTGCTATCGGTGC,149,+,TGG,65.0,80.0,0,0,0,0,0,100.0,3,3,3,3,1.0,1.0,1.0,100.0,100.0,100.0,0.0,92.0,Excellent,mecA|149|GGTGCTGCTGCTATCGGTGC,40/30/30,92.0,Excellent,25.0,1.0,1.0,23.0,93.33333333333331,23.0,50,0,0.0,Weakly conserved,,,False,GGUGCUGCUGCUAUCGGUGC,,,,RS3-style proxy,65.0,87.5,Excellent,9.0,19.0,-10.0
mecA,GGTGCTGCTGCTATCGGTGC,212,+,TGG,65.0,80.0,0,0,0,0,0,100.0,3,3,3,3,1.0,1.0,1.0,100.0,100.0,100.0,0.0,92.0,Excellent,mecA|212|GGTGCTGCTGCTATCGGTGC,40/30/30,92.0,Excellent,25.0,1.0,1.0,23.0,93.33333333333331,23.0,50,0,0.0,Weakly conserved,,,False,GGUGCUGCUGCUAUCGGUGC,,,,RS3-style proxy,65.0,87.5,Excellent,9.0,19.0,-10.0
blaKPC,GCCGTTGTTGCTGCTGCTGC,83,+,TGG,65.0,80.0,0,0,0,0,0,100.0,3,3,3,3,1.0,1.0,1.0,100.0,100.0,100.0,0.0,92.0,Excellent,blaKPC|83|GCCGTTGTTGCTGCTGCTGC,40/30/30,92.0,Excellent,25.0,1.0,1.0,23.0,93.33333333333331,23.0,50,0,0.0,Weakly conserved,,,False,GCCGUUGUUGCUGCUGCUGC,,,,RS3-style proxy,65.0,87.5,Excellent,9.0,19.0,-10.0
mecA,GGTGCTGCTGCTATCGGTGC,233,+,TGG,65.0,80.0,0,0,0,0,0,100.0,3,3,3,3,1.0,1.0,1.0,100.0,100.0,100.0,0.0,92.0,Excellent,mecA|233|GGTGCTGCTGCTATCGGTGC,40/30/30,92.0,Excellent,25.0,1.0,1.0,23.0,93.33333333333331,23.0,50,0,0.0,Weakly conserved,,,False,GGUGCUGCUGCUAUCGGUGC,,,,RS3-style proxy,65.0,87.5,Excellent,9.0,19.0,-10.0
mecA,ATGGTTAACGCTGCTGCTAT,101,+,CGG,45.0,78.0,0,0,0,0,0,100.0,3,3,3,3,1.0,1.0,1.0,100.0,100.0,100.0,0.0,91.2,Excellent,mecA|101|ATGGTTAACGCTGCTGCTAT,40/30/30,91.2,Excellent,66.0,1.0,1.0,61.0,92.66666666666669,61.0,50,0,0.0,Weakly conserved,,,False,AUGGUUAACGCUGCUGCUAU,,,,RS3-style proxy,69.0,87.5,Excellent,24.0,19.0,5.0
mecA,GGTGCTGCTGCTATCGGTGC,254,+,TGG,65.0,80.0,0,0,0,0,0,100.0,3,3,3,3,1.0,1.0,1.0,100.0,100.0,100.0,0.0,92.0,Excellent,mecA|254|GGTGCTGCTGCTATCGGTGC,40/30/30,92.0,Excellent,25.0,1.0,1.0,23.0,93.33333333333331,23.0,50,0,0.0,Weakly conserved,,,False,GGUGCUGCUGCUAUCGGUGC,,,,RS3-style proxy,65.0,87.5,Excellent,9.0,19.0,-10.0
mecA,GGTGCTGCTGCTATCGGTGC,170,+,TGG,65.0,80.0,0,0,0,0,0,100.0,3,3,3,3,1.0,1.0,1.0,100.0,100.0,100.0,0.0,92.0,Excellent,mecA|170|GGTGCTGCTGCTATCGGTGC,40/30/30,92.0,Excellent,25.0,1.0,1.0,23.0,93.33333333333331,23.0,50,0,0.0,Weakly conserved,,,False,GGUGCUGCUGCUAUCGGUGC,,,,RS3-style proxy,65.0,87.5,Excellent,9.0,19.0,-10.0
mecA,GGTGCTGCTGCTATCGGTGC,191,+,TGG,65.0,80.0,0,0,0,0,0,100.0,3,3,3,3,1.0,1.0,1.0,100.0,100.0,100.0,0.0,92.0,Excellent,mecA|191|GGTGCTGCTGCTATCGGTGC,40/30/30,92.0,Excellent,25.0,1.0,1.0,23.0,93.33333333333331,23.0,50,0,0.0,Weakly conserved,,,False,GGUGCUGCUGCUAUCGGUGC,,,,RS3-style proxy,65.0,87.5,Excellent,9.0,19.0,-10.0
mecA,GGTGCTGCTGCTATCGGTGC,128,+,TGG,65.0,80.0,0,0,0,0,0,100.0,3,3,3,3,1.0,1.0,1.0,100.0,100.0,100.0,0.0,92.0,Excellent,mecA|128|GGTGCTGCTGCTATCGGTGC,40/30/30,92.0,Excellent,25.0,1.0,1.0,23.0,93.33333333333331,23.0,50,0,0.0,Weakly conserved,,,False,GGUGCUGCUGCUAUCGGUGC,,,,RS3-style proxy,65.0,87.5,Excellent,9.0,19.0,-10.0
mecA,GGTGCTGGTGCTGCTGCTAT,206,+,CGG,60.0,78.0,0,0,0,0,0,100.0,3,3,3,3,1.0,1.0,1.0,100.0,100.0,100.0,0.0,91.2,Excellent,mecA|206|GGTGCTGGTGCTGCTGCTAT,40/30/30,91.2,Excellent,66.0,1.0,1.0,61.0,92.66666666666669,61.0,50,0,0.0,Weakly conserved,,,False,GGUGCUGGUGCUGCUGCUAU,,,,RS3-style proxy,66.0,87.0,Excellent,24.0,28.0,-4.0
mecA,GGTGCTGGTGCTGCTGCTAT,185,+,CGG,60.0,78.0,0,0,0,0,0,100.0,3,3,3,3,1.0,1.0,1.0,100.0,100.0,100.0,0.0,91.2,Excellent,mecA|185|GGTGCTGGTGCTGCTGCTAT,40/30/30,91.2,Excellent,66.0,1.0,1.0,61.0,92.66666666666669,61.0,50,0,0.0,Weakly conserved,,,False,GGUGCUGGUGCUGCUGCUAU,,,,RS3-style proxy,66.0,87.0,Excellent,24.0,28.0,-4.0
mecA,GGTGCTGGTGCTGCTGCTAT,227,+,CGG,60.0,78.0,0,0,0,0,0,100.0,3,3,3,3,1.0,1.0,1.0,100.0,100.0,100.0,0.0,91.2,Excellent,mecA|227|GGTGCTGGTGCTGCTGCTAT,40/30/30,91.2,Excellent,66.0,1.0,1.0,61.0,92.66666666666669,61.0,50,0,0.0,Weakly conserved,,,False,GGUGCUGGUGCUGCUGCUAU,,,,RS3-style proxy,66.0,87.0,Excellent,24.0,28.0,-4.0
mecA,GGTGCTGGTGCTGCTGCTAT,164,+,CGG,60.0,78.0,0,0,0,0,0,100.0,3,3,3,3,1.0,1.0,1.0,100.0,100.0,100.0,0.0,91.2,Excellent,mecA|164|GGTGCTGGTGCTGCTGCTAT,40/30/30,91.2,Excellent,66.0,1.0,1.0,61.0,92.66666666666669,61.0,50,0,0.0,Weakly conserved,,,False,GGUGCUGGUGCUGCUGCUAU,,,,RS3-style proxy,66.0,87.0,Excellent,24.0,28.0,-4.0
mecA,GGTGCTGGTGCTGCTGCTAT,122,+,CGG,60.0,78.0,0,0,0,0,0,100.0,3,3,3,3,1.0,1.0,1.0,100.0,100.0,100.0,0.0,91.2,Excellent,mecA|122|GGTGCTGGTGCTGCTGCTAT,40/30/30,91.2,Excellent,66.0,1.0,1.0,61.0,92.66666666666669,61.0,50,0,0.0,Weakly conserved,,,False,GGUGCUGGUGCUGCUGCUAU,,,,RS3-style proxy,66.0,87.0,Excellent,24.0,28.0,-4.0
mecA,GGTGCTGGTGCTGCTGCTAT,143,+,CGG,60.0,78.0,0,0,0,0,0,100.0,3,3,3,3,1.0,1.0,1.0,100.0,100.0,100.0,0.0,91.2,Excellent,mecA|143|GGTGCTGGTGCTGCTGCTAT,40/30/30,91.2,Excellent,66.0,1.0,1.0,61.0,92.66666666666669,61.0,50,0,0.0,Weakly conserved,,,False,GGUGCUGGUGCUGCUGCUAU,,,,RS3-style proxy,66.0,87.0,Excellent,24.0,28.0,-4.0
blaKPC,TGCTGGCTGTTGCTGCTGGC,100,+,TGG,65.0,78.0,0,0,0,0,0,100.0,3,3,3,3,1.0,1.0,1.0,100.0,100.0,100.0,0.0,91.2,Excellent,blaKPC|100|TGCTGGCTGTTGCTGCTGGC,40/30/30,91.2,Excellent,66.0,1.0,1.0,61.0,92.66666666666669,61.0,50,0,0.0,Weakly conserved,,,False,UGCUGGCUGUUGCUGCUGGC,,,,RS3-style proxy,66.0,87.0,Excellent,24.0,28.0,-4.0
blaKPC,CTGCTGCTGGCTGTTGCTGC,96,+,TGG,65.0,80.0,0,0,0,0,0,100.0,3,3,3,3,1.0,1.0,1.0,100.0,100.0,100.0,0.0,92.0,Excellent,blaKPC|96|CTGCTGCTGGCTGTTGCTGC,40/30/30,92.0,Excellent,25.0,1.0,1.0,23.0,93.33333333333331,23.0,50,0,0.0,Weakly conserved,,,False,CUGCUGCUGGCUGUUGCUGC,,,,RS3-style proxy,62.0,87.0,Excellent,9.0,28.0,-19.0
blaKPC,GCCAGCAGCAGCAGCAACAA,84,-,CGG,60.0,78.0,0,0,0,0,0,100.0,3,3,3,3,1.0,1.0,1.0,100.0,100.0,100.0,0.0,91.2,Excellent,blaKPC|84|GCCAGCAGCAGCAGCAACAA,40/30/30,91.2,Excellent,66.0,1.0,1.0,61.0,92.66666666666669,61.0,50,0,0.0,Weakly conserved,,,False,GCCAGCAGCAGCAGCAACAA,,,,RS3-style proxy,66.0,87.0,Excellent,24.0,28.0,-4.0
blaKPC,GATAACGCCGCCGCCTAACA,54,-,AGG,60.0,78.0,0,0,0,0,0,100.0,3,3,3,3,1.0,1.0,1.0,100.0,100.0,100.0,0.0,91.2,Excellent,blaKPC|54|GATAACGCCGCCGCCTAACA,40/30/30,91.2,Excellent,66.0,1.0,1.0,61.0,92.66666666666669,61.0,50,0,0.0,Weakly conserved,,,False,GAUAACGCCGCCGCCUAACA,,,,RS3-style proxy,66.0,87.0,Excellent,24.0,28.0,-4.0
mecA,GGTGCTGGTGCTGCTGCTAT,248,+,CGG,60.0,78.0,0,0,0,0,0,100.0,3,3,3,3,1.0,1.0,1.0,100.0,100.0,100.0,0.0,91.2,Excellent,mecA|248|GGTGCTGGTGCTGCTGCTAT,40/30/30,91.2,Excellent,66.0,1.0,1.0,61.0,92.66666666666669,61.0,50,0,0.0,Weakly conserved,,,False,GGUGCUGGUGCUGCUGCUAU,,,,RS3-style proxy,66.0,87.0,Excellent,24.0,28.0,-4.0
blaKPC,TTCAGAGCCTTACTGCCCGA,168,+,AGG,55.0,76.0,0,0,0,0,0,100.0,3,3,3,3,1.0,1.0,1.0,100.0,100.0,100.0,0.0,90.4,Excellent,blaKPC|168|TTCAGAGCCTTACTGCCCGA,40/30/30,90.4,Excellent,109.0,1.0,1.0,102.0,92.0,102.0,50,0,0.0,Weakly conserved,,,False,UUCAGAGCCUUACUGCCCGA,,,,RS3-style proxy,69.0,86.83333333333334,Excellent,39.0,39.0,0.0
blaKPC,TGTTGCTGCTGGCTGGCTGC,107,+,TGG,65.0,78.0,0,0,0,0,0,100.0,3,3,3,3,1.0,1.0,1.0,100.0,100.0,100.0,0.0,91.2,Excellent,blaKPC|107|TGTTGCTGCTGGCTGGCTGC,40/30/30,91.2,Excellent,66.0,1.0,1.0,61.0,92.66666666666669,61.0,50,0,0.0,Weakly conserved,,,False,UGUUGCUGCUGGCUGGCUGC,,,,RS3-style proxy,62.0,86.33333333333333,Excellent,24.0,40.0,-16.0
mecA,TATGACTGAACGTCCGATAA,52,+,AGG,40.0,76.0,0,0,0,0,0,100.0,3,3,3,3,1.0,1.0,1.0,100.0,100.0,100.0,0.0,90.4,Excellent,mecA|52|TATGACTGAACGTCCGATAA,40/30/30,90.4,Excellent,109.0,1.0,1.0,102.0,92.0,102.0,50,0,0.0,Weakly conserved,,,False,UAUGACUGAACGUCCGAUAA,,,,RS3-style proxy,63.0,85.83333333333333,Excellent,39.0,41.0,-2.0
blaKPC,GTCCTGTTCGAGTTTAGCGA,297,-,CGG,50.0,70.0,0,0,0,0,0,100.0,3,3,3,3,1.0,1.0,1.0,100.0,100.0,100.0,0.0,88.0,Excellent,blaKPC|297|GTCCTGTTCGAGTTTAGCGA,40/30/30,88.0,Excellent,133.0,1.0,1.0,123.0,90.0,123.0,50,50,100.0,Fully conserved,PZ259408.1;PZ155167.1;PX910544.1;OP380274.1;OP380273.1;NG_246046.1;NG_246045.1;NG_246044.1;NG_246043.1;NG_246042.1;NG_246041.1;NG_246040.1;NG_246039.1;NG_246038.1;NG_244123.1;NG_242294.1;NG_149662.1;NG_148627.1;NG_088405.1;NG_088403.1,reverse_complement,True,GUCCUGUUCGAGUUUAGCGA,,,,RS3-style proxy,70.0,85.0,Excellent,44.0,42.0,2.0
blaKPC,GGCGATAACGCCGCCGCCTT,184,-,CGG,70.0,78.0,0,0,0,0,0,100.0,3,3,3,3,1.0,1.0,1.0,100.0,100.0,100.0,0.0,91.2,Excellent,blaKPC|184|GGCGATAACGCCGCCGCCTT,40/30/30,91.2,Excellent,66.0,1.0,1.0,61.0,92.66666666666669,61.0,50,0,0.0,Weakly conserved,,,False,GGCGAUAACGCCGCCGCCUU,,,,RS3-style proxy,54.0,85.0,Excellent,24.0,42.0,-18.0
blaKPC,GTCCTGTTCGAGTTTAGCGA,220,-,CGG,50.0,70.0,0,0,0,0,0,100.0,3,3,3,3,1.0,1.0,1.0,100.0,100.0,100.0,0.0,88.0,Excellent,blaKPC|220|GTCCTGTTCGAGTTTAGCGA,40/30/30,88.0,Excellent,133.0,1.0,1.0,123.0,90.0,123.0,50,50,100.0,Fully conserved,PZ259408.1;PZ155167.1;PX910544.1;OP380274.1;OP380273.1;NG_246046.1;NG_246045.1;NG_246044.1;NG_246043.1;NG_246042.1;NG_246041.1;NG_246040.1;NG_246039.1;NG_246038.1;NG_244123.1;NG_242294.1;NG_149662.1;NG_148627.1;NG_088405.1;NG_088403.1,reverse_complement,True,GUCCUGUUCGAGUUUAGCGA,,,,RS3-style proxy,70.0,85.0,Excellent,44.0,42.0,2.0
blaKPC,GCGATAACGCCGCCGCCTTC,183,-,GGG,70.0,75.0,0,0,0,0,0,100.0,3,3,3,3,1.0,1.0,1.0,100.0,100.0,100.0,0.0,90.0,Excellent,blaKPC|183|GCGATAACGCCGCCGCCTTC,40/30/30,90.0,Excellent,117.0,1.0,1.0,109.0,91.66666666666669,109.0,50,0,0.0,Weakly conserved,,,False,GCGAUAACGCCGCCGCCUUC,,,,RS3-style proxy,59.0,84.83333333333333,Good,43.0,45.0,-2.0
mecA,GCAGCAATGCCAACCTTTAT,65,-,CGG,45.0,70.0,0,0,0,0,0,100.0,3,3,3,3,1.0,1.0,1.0,100.0,100.0,100.0,0.0,88.0,Excellent,mecA|65|GCAGCAATGCCAACCTTTAT,40/30/30,88.0,Excellent,133.0,1.0,1.0,123.0,90.0,123.0,50,0,0.0,Weakly conserved,,,False,GCAGCAAUGCCAACCUUUAU,,,,RS3-style proxy,64.0,83.99999999999999,Good,44.0,46.0,-2.0
blaKPC,AGCAAGACAGCAGAACTAGA,14,-,CGG,45.0,78.0,0,0,1,0,8,85.2,3,3,3,3,1.0,1.0,1.0,100.0,100.0,100.0,0.0,86.8,Excellent,blaKPC|14|AGCAAGACAGCAGAACTAGA,40/30/30,86.8,Excellent,66.0,136.0,1.0,131.0,87.73333333333333,130.0,50,0,0.0,Weakly conserved,,,False,AGCAAGACAGCAGAACUAGA,,,,RS3-style proxy,69.0,83.38888888888889,Good,49.0,47.0,2.0
blaKPC,TTTAGCGACGGAATAGTGTA,208,-,TGG,40.0,70.0,0,0,0,0,0,100.0,3,3,3,3,1.0,1.0,1.0,100.0,100.0,100.0,0.0,88.0,Excellent,blaKPC|208|TTTAGCGACGGAATAGTGTA,40/30/30,88.0,Excellent,133.0,1.0,1.0,123.0,90.0,123.0,50,0,0.0,Weakly conserved,,,False,UUUAGCGACGGAAUAGUGUA,,,,RS3-style proxy,55.0,82.5,Good,44.0,48.0,-4.0
blaKPC,TTTAGCGACGGAATAGTGTA,285,-,TGG,40.0,70.0,0,0,0,0,0,100.0,3,3,3,3,1.0,1.0,1.0,100.0,100.0,100.0,0.0,88.0,Excellent,blaKPC|285|TTTAGCGACGGAATAGTGTA,40/30/30,88.0,Excellent,133.0,1.0,1.0,123.0,90.0,123.0,50,0,0.0,Weakly conserved,,,False,UUUAGCGACGGAAUAGUGUA,,,,RS3-style proxy,55.0,82.5,Good,44.0,48.0,-4.0
blaKPC,CTCCATCGGTGTGTACGCGG,251,+,CGG,65.0,82.0,0,1,0,0,20,67.0,3,3,3,3,1.0,1.0,1.0,100.0,100.0,100.0,0.0,82.9,Good,blaKPC|251|CTCCATCGGTGTGTACGCGG,40/30/30,82.9,Good,3.0,137.0,1.0,137.0,83.0,137.0,50,0,0.0,Weakly conserved,,,False,CUCCAUCGGUGUGUACGCGG,,,,RS3-style proxy,66.0,79.16666666666667,Good,50.0,50.0,0.0
