gene,spacer,position,strand,pam,gc_content,on_target_score,offtarget_hits_0mm,offtarget_hits_1mm,offtarget_hits_2mm,offtarget_hits_3mm,offtarget_penalty,specificity_score,total_strains,perfect_match_strains,one_mismatch_or_better_strains,pam_supported_strains,perfect_match_fraction,one_mismatch_or_better_fraction,pam_supported_fraction,conservation_score,mean_strain_score,min_strain_score,std_strain_score,final_score,classification,guide_key,weight_scheme,final_score_new,classification_new,rank_on_target,rank_off_target,rank_conservation,rank_final,consensus_score,rank_consensus,expanded_strain_count,expanded_exact_match_count,expanded_conservation_pct,expanded_conservation_class,matched_sequence_ids,match_orientations
blaKPC,AGAGCCTTACTGCCCGAAGG,171,+,CGG,60.0,82.0,0,0,0,0,0,100.0,3,3,3,3,1.0,1.0,1.0,100.0,100.0,100.0,0.0,92.8,Excellent,blaKPC|171|AGAGCCTTACTGCCCGAAGG,40/30/30,92.8,Excellent,3.0,1.0,1.0,3.0,94.0,3.0,50,0,0.0,Weakly conserved,,
blaKPC,GCCTTACTGCCCGAAGGCGG,174,+,CGG,70.0,82.0,0,0,0,0,0,100.0,3,3,3,3,1.0,1.0,1.0,100.0,100.0,100.0,0.0,92.8,Excellent,blaKPC|174|GCCTTACTGCCCGAAGGCGG,40/30/30,92.8,Excellent,3.0,1.0,1.0,3.0,94.0,3.0,50,0,0.0,Weakly conserved,,
blaKPC,CGGCTCCATCGGTGTGTACG,248,+,CGG,65.0,82.0,0,0,0,0,0,100.0,3,3,3,3,1.0,1.0,1.0,100.0,100.0,100.0,0.0,92.8,Excellent,blaKPC|248|CGGCTCCATCGGTGTGTACG,40/30/30,92.8,Excellent,3.0,1.0,1.0,3.0,94.0,3.0,50,48,96.0,Highly conserved,PZ259408.1;PZ155167.1;PX910544.1;OP380274.1;OP380273.1;NG_246046.1;NG_246045.1;NG_246044.1;NG_246043.1;NG_246042.1;NG_246041.1;NG_246039.1;NG_246038.1;NG_244123.1;NG_242294.1;NG_149662.1;NG_148627.1;NG_088405.1;NG_088403.1;NG_088402.1,forward
blaKPC,AGCGACGGAATAGTGTATGG,282,-,CGG,50.0,82.0,0,0,0,0,0,100.0,3,3,3,3,1.0,1.0,1.0,100.0,100.0,100.0,0.0,92.8,Excellent,blaKPC|282|AGCGACGGAATAGTGTATGG,40/30/30,92.8,Excellent,3.0,1.0,1.0,3.0,94.0,3.0,50,0,0.0,Weakly conserved,,
blaKPC,AGCGACGGAATAGTGTATGG,205,-,CGG,50.0,82.0,0,0,0,0,0,100.0,3,3,3,3,1.0,1.0,1.0,100.0,100.0,100.0,0.0,92.8,Excellent,blaKPC|205|AGCGACGGAATAGTGTATGG,40/30/30,92.8,Excellent,3.0,1.0,1.0,3.0,94.0,3.0,50,0,0.0,Weakly conserved,,
blaKPC,AGCAGCAGCAGCAACAACGG,81,-,CGG,60.0,82.0,0,0,0,0,0,100.0,3,3,3,3,1.0,1.0,1.0,100.0,100.0,100.0,0.0,92.8,Excellent,blaKPC|81|AGCAGCAGCAGCAACAACGG,40/30/30,92.8,Excellent,3.0,1.0,1.0,3.0,94.0,3.0,50,0,0.0,Weakly conserved,,
blaKPC,AGCAGCAGCAACAACGGCGG,78,-,CGG,65.0,82.0,0,0,0,0,0,100.0,3,3,3,3,1.0,1.0,1.0,100.0,100.0,100.0,0.0,92.8,Excellent,blaKPC|78|AGCAGCAGCAACAACGGCGG,40/30/30,92.8,Excellent,3.0,1.0,1.0,3.0,94.0,3.0,50,0,0.0,Weakly conserved,,
blaKPC,AACAAGGATGACAAGCACAG,38,-,CGG,45.0,82.0,0,0,0,0,0,100.0,3,3,3,3,1.0,1.0,1.0,100.0,100.0,100.0,0.0,92.8,Excellent,blaKPC|38|AACAAGGATGACAAGCACAG,40/30/30,92.8,Excellent,3.0,1.0,1.0,3.0,94.0,3.0,50,31,62.0,Weakly conserved,PZ259408.1;PZ155167.1;PX910544.1;OP380274.1;OP380273.1;NG_246044.1;NG_246041.1;NG_246040.1;NG_246039.1;NG_246038.1;NG_149662.1;NG_088405.1;NG_088403.1;NG_088402.1;NG_088401.1;NG_088400.1;NG_088399.1;NG_080780.1;NG_079898.1;NG_070897.1,forward
blaKPC,TGCTTGTCATCCTTGTTAGG,44,+,CGG,45.0,80.0,0,0,0,0,0,100.0,3,3,3,3,1.0,1.0,1.0,100.0,100.0,100.0,0.0,92.0,Excellent,blaKPC|44|TGCTTGTCATCCTTGTTAGG,40/30/30,92.0,Excellent,25.0,1.0,1.0,23.0,93.33333333333331,23.0,50,32,64.0,Weakly conserved,PZ259408.1;PZ155167.1;PX910544.1;OP380274.1;OP380273.1;NG_246044.1;NG_246041.1;NG_246040.1;NG_246039.1;NG_246038.1;NG_149662.1;NG_088405.1;NG_088403.1;NG_088402.1;NG_088401.1;NG_088400.1;NG_088399.1;NG_088394.1;NG_080780.1;NG_079898.1,reverse_complement
blaKPC,TTGTCATCCTTGTTAGGCGG,47,+,CGG,50.0,80.0,0,0,0,0,0,100.0,3,3,3,3,1.0,1.0,1.0,100.0,100.0,100.0,0.0,92.0,Excellent,blaKPC|47|TTGTCATCCTTGTTAGGCGG,40/30/30,92.0,Excellent,25.0,1.0,1.0,23.0,93.33333333333331,23.0,50,0,0.0,Weakly conserved,,
blaKPC,GCCGTTGTTGCTGCTGCTGC,83,+,TGG,65.0,80.0,0,0,0,0,0,100.0,3,3,3,3,1.0,1.0,1.0,100.0,100.0,100.0,0.0,92.0,Excellent,blaKPC|83|GCCGTTGTTGCTGCTGCTGC,40/30/30,92.0,Excellent,25.0,1.0,1.0,23.0,93.33333333333331,23.0,50,0,0.0,Weakly conserved,,
blaKPC,CTGCTGCTGGCTGTTGCTGC,96,+,TGG,65.0,80.0,0,0,0,0,0,100.0,3,3,3,3,1.0,1.0,1.0,100.0,100.0,100.0,0.0,92.0,Excellent,blaKPC|96|CTGCTGCTGGCTGTTGCTGC,40/30/30,92.0,Excellent,25.0,1.0,1.0,23.0,93.33333333333331,23.0,50,0,0.0,Weakly conserved,,
blaKPC,TGCTGGCTGTTGCTGCTGGC,100,+,TGG,65.0,78.0,0,0,0,0,0,100.0,3,3,3,3,1.0,1.0,1.0,100.0,100.0,100.0,0.0,91.2,Excellent,blaKPC|100|TGCTGGCTGTTGCTGCTGGC,40/30/30,91.2,Excellent,66.0,1.0,1.0,61.0,92.66666666666669,61.0,50,0,0.0,Weakly conserved,,
blaKPC,TGTTGCTGCTGGCTGGCTGC,107,+,TGG,65.0,78.0,0,0,0,0,0,100.0,3,3,3,3,1.0,1.0,1.0,100.0,100.0,100.0,0.0,91.2,Excellent,blaKPC|107|TGTTGCTGCTGGCTGGCTGC,40/30/30,91.2,Excellent,66.0,1.0,1.0,61.0,92.66666666666669,61.0,50,0,0.0,Weakly conserved,,
blaKPC,GGCGATAACGCCGCCGCCTT,184,-,CGG,70.0,78.0,0,0,0,0,0,100.0,3,3,3,3,1.0,1.0,1.0,100.0,100.0,100.0,0.0,91.2,Excellent,blaKPC|184|GGCGATAACGCCGCCGCCTT,40/30/30,91.2,Excellent,66.0,1.0,1.0,61.0,92.66666666666669,61.0,50,0,0.0,Weakly conserved,,
blaKPC,GCCAGCAGCAGCAGCAACAA,84,-,CGG,60.0,78.0,0,0,0,0,0,100.0,3,3,3,3,1.0,1.0,1.0,100.0,100.0,100.0,0.0,91.2,Excellent,blaKPC|84|GCCAGCAGCAGCAGCAACAA,40/30/30,91.2,Excellent,66.0,1.0,1.0,61.0,92.66666666666669,61.0,50,0,0.0,Weakly conserved,,
blaKPC,GATAACGCCGCCGCCTAACA,54,-,AGG,60.0,78.0,0,0,0,0,0,100.0,3,3,3,3,1.0,1.0,1.0,100.0,100.0,100.0,0.0,91.2,Excellent,blaKPC|54|GATAACGCCGCCGCCTAACA,40/30/30,91.2,Excellent,66.0,1.0,1.0,61.0,92.66666666666669,61.0,50,0,0.0,Weakly conserved,,
blaKPC,TTCAGAGCCTTACTGCCCGA,168,+,AGG,55.0,76.0,0,0,0,0,0,100.0,3,3,3,3,1.0,1.0,1.0,100.0,100.0,100.0,0.0,90.4,Excellent,blaKPC|168|TTCAGAGCCTTACTGCCCGA,40/30/30,90.4,Excellent,109.0,1.0,1.0,102.0,92.0,102.0,50,0,0.0,Weakly conserved,,
blaKPC,TTCCGTCGCTAAACTCGAAC,218,+,AGG,50.0,76.0,0,0,0,0,0,100.0,3,3,3,3,1.0,1.0,1.0,100.0,100.0,100.0,0.0,90.4,Excellent,blaKPC|218|TTCCGTCGCTAAACTCGAAC,40/30/30,90.4,Excellent,109.0,1.0,1.0,102.0,92.0,102.0,50,0,0.0,Weakly conserved,,
blaKPC,TTCCGTCGCTAAACTCGAAC,295,+,AGG,50.0,76.0,0,0,0,0,0,100.0,3,3,3,3,1.0,1.0,1.0,100.0,100.0,100.0,0.0,90.4,Excellent,blaKPC|295|TTCCGTCGCTAAACTCGAAC,40/30/30,90.4,Excellent,109.0,1.0,1.0,102.0,92.0,102.0,50,0,0.0,Weakly conserved,,
blaKPC,GCGATAACGCCGCCGCCTTC,183,-,GGG,70.0,75.0,0,0,0,0,0,100.0,3,3,3,3,1.0,1.0,1.0,100.0,100.0,100.0,0.0,90.0,Excellent,blaKPC|183|GCGATAACGCCGCCGCCTTC,40/30/30,90.0,Excellent,117.0,1.0,1.0,109.0,91.66666666666669,109.0,50,0,0.0,Weakly conserved,,
blaKPC,GTCCTGTTCGAGTTTAGCGA,297,-,CGG,50.0,70.0,0,0,0,0,0,100.0,3,3,3,3,1.0,1.0,1.0,100.0,100.0,100.0,0.0,88.0,Excellent,blaKPC|297|GTCCTGTTCGAGTTTAGCGA,40/30/30,88.0,Excellent,133.0,1.0,1.0,123.0,90.0,123.0,50,50,100.0,Fully conserved,PZ259408.1;PZ155167.1;PX910544.1;OP380274.1;OP380273.1;NG_246046.1;NG_246045.1;NG_246044.1;NG_246043.1;NG_246042.1;NG_246041.1;NG_246040.1;NG_246039.1;NG_246038.1;NG_244123.1;NG_242294.1;NG_149662.1;NG_148627.1;NG_088405.1;NG_088403.1,reverse_complement
blaKPC,TTTAGCGACGGAATAGTGTA,285,-,TGG,40.0,70.0,0,0,0,0,0,100.0,3,3,3,3,1.0,1.0,1.0,100.0,100.0,100.0,0.0,88.0,Excellent,blaKPC|285|TTTAGCGACGGAATAGTGTA,40/30/30,88.0,Excellent,133.0,1.0,1.0,123.0,90.0,123.0,50,0,0.0,Weakly conserved,,
blaKPC,GTCCTGTTCGAGTTTAGCGA,220,-,CGG,50.0,70.0,0,0,0,0,0,100.0,3,3,3,3,1.0,1.0,1.0,100.0,100.0,100.0,0.0,88.0,Excellent,blaKPC|220|GTCCTGTTCGAGTTTAGCGA,40/30/30,88.0,Excellent,133.0,1.0,1.0,123.0,90.0,123.0,50,50,100.0,Fully conserved,PZ259408.1;PZ155167.1;PX910544.1;OP380274.1;OP380273.1;NG_246046.1;NG_246045.1;NG_246044.1;NG_246043.1;NG_246042.1;NG_246041.1;NG_246040.1;NG_246039.1;NG_246038.1;NG_244123.1;NG_242294.1;NG_149662.1;NG_148627.1;NG_088405.1;NG_088403.1,reverse_complement
blaKPC,TTTAGCGACGGAATAGTGTA,208,-,TGG,40.0,70.0,0,0,0,0,0,100.0,3,3,3,3,1.0,1.0,1.0,100.0,100.0,100.0,0.0,88.0,Excellent,blaKPC|208|TTTAGCGACGGAATAGTGTA,40/30/30,88.0,Excellent,133.0,1.0,1.0,123.0,90.0,123.0,50,0,0.0,Weakly conserved,,
blaKPC,AGCAAGACAGCAGAACTAGA,14,-,CGG,45.0,78.0,0,0,1,0,8,85.2,3,3,3,3,1.0,1.0,1.0,100.0,100.0,100.0,0.0,86.8,Excellent,blaKPC|14|AGCAAGACAGCAGAACTAGA,40/30/30,86.8,Excellent,66.0,136.0,1.0,131.0,87.73333333333333,130.0,50,0,0.0,Weakly conserved,,
blaKPC,CTCCATCGGTGTGTACGCGG,251,+,CGG,65.0,82.0,0,1,0,0,20,67.0,3,3,3,3,1.0,1.0,1.0,100.0,100.0,100.0,0.0,82.9,Good,blaKPC|251|CTCCATCGGTGTGTACGCGG,40/30/30,82.9,Good,3.0,137.0,1.0,137.0,83.0,137.0,50,0,0.0,Weakly conserved,,
blaKPC,GCTAAACTCGAACAGGACTT,225,+,TGG,45.0,80.0,1,0,0,0,50,36.8,3,3,3,3,1.0,1.0,1.0,100.0,100.0,100.0,0.0,73.0,Good,blaKPC|225|GCTAAACTCGAACAGGACTT,40/30/30,73.0,Good,25.0,138.0,1.0,139.0,72.26666666666667,139.0,50,50,100.0,Fully conserved,PZ259408.1;PZ155167.1;PX910544.1;OP380274.1;OP380273.1;NG_246046.1;NG_246045.1;NG_246044.1;NG_246043.1;NG_246042.1;NG_246041.1;NG_246040.1;NG_246039.1;NG_246038.1;NG_244123.1;NG_242294.1;NG_149662.1;NG_148627.1;NG_088405.1;NG_088403.1,forward
blaKPC,GCTAAACTCGAACAGGACTT,302,+,TGG,45.0,80.0,1,0,0,0,50,36.8,3,3,3,3,1.0,1.0,1.0,100.0,100.0,100.0,0.0,73.0,Good,blaKPC|302|GCTAAACTCGAACAGGACTT,40/30/30,73.0,Good,25.0,138.0,1.0,139.0,72.26666666666667,139.0,50,50,100.0,Fully conserved,PZ259408.1;PZ155167.1;PX910544.1;OP380274.1;OP380273.1;NG_246046.1;NG_246045.1;NG_246044.1;NG_246043.1;NG_246042.1;NG_246041.1;NG_246040.1;NG_246039.1;NG_246038.1;NG_244123.1;NG_242294.1;NG_149662.1;NG_148627.1;NG_088405.1;NG_088403.1,forward
blaKPC,CTGTGCTTGTCATCCTTGTT,41,+,AGG,45.0,78.0,1,0,0,0,50,36.8,3,3,3,3,1.0,1.0,1.0,100.0,100.0,100.0,0.0,72.2,Good,blaKPC|41|CTGTGCTTGTCATCCTTGTT,40/30/30,72.2,Good,66.0,138.0,1.0,141.0,71.60000000000001,141.0,50,31,62.0,Weakly conserved,PZ259408.1;PZ155167.1;PX910544.1;OP380274.1;OP380273.1;NG_246044.1;NG_246041.1;NG_246040.1;NG_246039.1;NG_246038.1;NG_149662.1;NG_088405.1;NG_088403.1;NG_088402.1;NG_088401.1;NG_088400.1;NG_088399.1;NG_080780.1;NG_079898.1;NG_070897.1,reverse_complement
blaKPC,AAACTCGAACAGGACTTTGG,228,+,CGG,45.0,74.0,1,0,0,0,50,36.8,3,3,3,3,1.0,1.0,1.0,100.0,100.0,100.0,0.0,70.6,Good,blaKPC|228|AAACTCGAACAGGACTTTGG,40/30/30,70.6,Good,128.0,138.0,1.0,142.0,70.26666666666667,142.0,50,50,100.0,Fully conserved,PZ259408.1;PZ155167.1;PX910544.1;OP380274.1;OP380273.1;NG_246046.1;NG_246045.1;NG_246044.1;NG_246043.1;NG_246042.1;NG_246041.1;NG_246040.1;NG_246039.1;NG_246038.1;NG_244123.1;NG_242294.1;NG_149662.1;NG_148627.1;NG_088405.1;NG_088403.1,forward
blaKPC,AAACTCGAACAGGACTTTGG,305,+,CGG,45.0,74.0,1,0,0,0,50,36.8,3,3,3,3,1.0,1.0,1.0,100.0,100.0,100.0,0.0,70.6,Good,blaKPC|305|AAACTCGAACAGGACTTTGG,40/30/30,70.6,Good,128.0,138.0,1.0,142.0,70.26666666666667,142.0,50,50,100.0,Fully conserved,PZ259408.1;PZ155167.1;PX910544.1;OP380274.1;OP380273.1;NG_246046.1;NG_246045.1;NG_246044.1;NG_246043.1;NG_246042.1;NG_246041.1;NG_246040.1;NG_246039.1;NG_246038.1;NG_244123.1;NG_242294.1;NG_149662.1;NG_148627.1;NG_088405.1;NG_088403.1,forward
blaKPC,CAGGACTTTGGCGGCTCCAT,237,+,CGG,60.0,70.0,1,0,0,0,50,36.8,3,3,3,3,1.0,1.0,1.0,100.0,100.0,100.0,0.0,69.0,Moderate,blaKPC|237|CAGGACTTTGGCGGCTCCAT,40/30/30,69.0,Moderate,133.0,138.0,1.0,144.0,68.93333333333334,144.0,50,48,96.0,Highly conserved,PZ259408.1;PZ155167.1;PX910544.1;OP380274.1;OP380273.1;NG_246046.1;NG_246045.1;NG_246044.1;NG_246043.1;NG_246042.1;NG_246041.1;NG_246039.1;NG_246038.1;NG_244123.1;NG_242294.1;NG_149662.1;NG_148627.1;NG_088405.1;NG_088403.1;NG_088402.1,forward
blaKPC,CAGGACTTTGGCGGCTCCAT,314,+,CGG,60.0,70.0,1,0,0,0,50,36.8,3,3,3,3,1.0,1.0,1.0,100.0,100.0,100.0,0.0,69.0,Moderate,blaKPC|314|CAGGACTTTGGCGGCTCCAT,40/30/30,69.0,Moderate,133.0,138.0,1.0,144.0,68.93333333333334,144.0,50,48,96.0,Highly conserved,PZ259408.1;PZ155167.1;PX910544.1;OP380274.1;OP380273.1;NG_246046.1;NG_246045.1;NG_246044.1;NG_246043.1;NG_246042.1;NG_246041.1;NG_246039.1;NG_246038.1;NG_244123.1;NG_242294.1;NG_149662.1;NG_148627.1;NG_088405.1;NG_088403.1;NG_088402.1,forward
mecA,ACTGAACGTCCGATAAAGGT,56,+,TGG,45.0,80.0,0,0,0,0,0,100.0,3,3,3,3,1.0,1.0,1.0,100.0,100.0,100.0,0.0,92.0,Excellent,mecA|56|ACTGAACGTCCGATAAAGGT,40/30/30,92.0,Excellent,25.0,1.0,1.0,23.0,93.33333333333331,23.0,50,0,0.0,Weakly conserved,,
mecA,AACGCTGCTGCTATCGGTGC,107,+,TGG,60.0,80.0,0,0,0,0,0,100.0,3,3,3,3,1.0,1.0,1.0,100.0,100.0,100.0,0.0,92.0,Excellent,mecA|107|AACGCTGCTGCTATCGGTGC,40/30/30,92.0,Excellent,25.0,1.0,1.0,23.0,93.33333333333331,23.0,50,0,0.0,Weakly conserved,,
mecA,GGTGCTGCTGCTATCGGTGC,128,+,TGG,65.0,80.0,0,0,0,0,0,100.0,3,3,3,3,1.0,1.0,1.0,100.0,100.0,100.0,0.0,92.0,Excellent,mecA|128|GGTGCTGCTGCTATCGGTGC,40/30/30,92.0,Excellent,25.0,1.0,1.0,23.0,93.33333333333331,23.0,50,0,0.0,Weakly conserved,,
mecA,GGTGCTGCTGCTATCGGTGC,149,+,TGG,65.0,80.0,0,0,0,0,0,100.0,3,3,3,3,1.0,1.0,1.0,100.0,100.0,100.0,0.0,92.0,Excellent,mecA|149|GGTGCTGCTGCTATCGGTGC,40/30/30,92.0,Excellent,25.0,1.0,1.0,23.0,93.33333333333331,23.0,50,0,0.0,Weakly conserved,,
mecA,GGTGCTGCTGCTATCGGTGC,170,+,TGG,65.0,80.0,0,0,0,0,0,100.0,3,3,3,3,1.0,1.0,1.0,100.0,100.0,100.0,0.0,92.0,Excellent,mecA|170|GGTGCTGCTGCTATCGGTGC,40/30/30,92.0,Excellent,25.0,1.0,1.0,23.0,93.33333333333331,23.0,50,0,0.0,Weakly conserved,,
mecA,GGTGCTGCTGCTATCGGTGC,191,+,TGG,65.0,80.0,0,0,0,0,0,100.0,3,3,3,3,1.0,1.0,1.0,100.0,100.0,100.0,0.0,92.0,Excellent,mecA|191|GGTGCTGCTGCTATCGGTGC,40/30/30,92.0,Excellent,25.0,1.0,1.0,23.0,93.33333333333331,23.0,50,0,0.0,Weakly conserved,,
mecA,GGTGCTGCTGCTATCGGTGC,212,+,TGG,65.0,80.0,0,0,0,0,0,100.0,3,3,3,3,1.0,1.0,1.0,100.0,100.0,100.0,0.0,92.0,Excellent,mecA|212|GGTGCTGCTGCTATCGGTGC,40/30/30,92.0,Excellent,25.0,1.0,1.0,23.0,93.33333333333331,23.0,50,0,0.0,Weakly conserved,,
mecA,GGTGCTGCTGCTATCGGTGC,233,+,TGG,65.0,80.0,0,0,0,0,0,100.0,3,3,3,3,1.0,1.0,1.0,100.0,100.0,100.0,0.0,92.0,Excellent,mecA|233|GGTGCTGCTGCTATCGGTGC,40/30/30,92.0,Excellent,25.0,1.0,1.0,23.0,93.33333333333331,23.0,50,0,0.0,Weakly conserved,,
mecA,GGTGCTGCTGCTATCGGTGC,254,+,TGG,65.0,80.0,0,0,0,0,0,100.0,3,3,3,3,1.0,1.0,1.0,100.0,100.0,100.0,0.0,92.0,Excellent,mecA|254|GGTGCTGCTGCTATCGGTGC,40/30/30,92.0,Excellent,25.0,1.0,1.0,23.0,93.33333333333331,23.0,50,0,0.0,Weakly conserved,,
mecA,GCTGCTGCTGTTGCTGATGC,278,+,TGG,60.0,80.0,0,0,0,0,0,100.0,3,3,3,3,1.0,1.0,1.0,100.0,100.0,100.0,0.0,92.0,Excellent,mecA|278|GCTGCTGCTGTTGCTGATGC,40/30/30,92.0,Excellent,25.0,1.0,1.0,23.0,93.33333333333331,23.0,50,0,0.0,Weakly conserved,,
mecA,GATGCTGGTGCTATCGGTGC,293,+,TGG,60.0,80.0,0,0,0,0,0,100.0,3,3,3,3,1.0,1.0,1.0,100.0,100.0,100.0,0.0,92.0,Excellent,mecA|293|GATGCTGGTGCTATCGGTGC,40/30/30,92.0,Excellent,25.0,1.0,1.0,23.0,93.33333333333331,23.0,50,0,0.0,Weakly conserved,,
mecA,TGCTGCTATCGTTGCTGCTA,82,+,TGG,50.0,78.0,0,0,0,0,0,100.0,3,3,3,3,1.0,1.0,1.0,100.0,100.0,100.0,0.0,91.2,Excellent,mecA|82|TGCTGCTATCGTTGCTGCTA,40/30/30,91.2,Excellent,66.0,1.0,1.0,61.0,92.66666666666669,61.0,50,0,0.0,Weakly conserved,,
mecA,ATGGTTAACGCTGCTGCTAT,101,+,CGG,45.0,78.0,0,0,0,0,0,100.0,3,3,3,3,1.0,1.0,1.0,100.0,100.0,100.0,0.0,91.2,Excellent,mecA|101|ATGGTTAACGCTGCTGCTAT,40/30/30,91.2,Excellent,66.0,1.0,1.0,61.0,92.66666666666669,61.0,50,0,0.0,Weakly conserved,,
mecA,GGTGCTGGTGCTGCTGCTAT,122,+,CGG,60.0,78.0,0,0,0,0,0,100.0,3,3,3,3,1.0,1.0,1.0,100.0,100.0,100.0,0.0,91.2,Excellent,mecA|122|GGTGCTGGTGCTGCTGCTAT,40/30/30,91.2,Excellent,66.0,1.0,1.0,61.0,92.66666666666669,61.0,50,0,0.0,Weakly conserved,,
mecA,GGTGCTGGTGCTGCTGCTAT,143,+,CGG,60.0,78.0,0,0,0,0,0,100.0,3,3,3,3,1.0,1.0,1.0,100.0,100.0,100.0,0.0,91.2,Excellent,mecA|143|GGTGCTGGTGCTGCTGCTAT,40/30/30,91.2,Excellent,66.0,1.0,1.0,61.0,92.66666666666669,61.0,50,0,0.0,Weakly conserved,,
mecA,GGTGCTGGTGCTGCTGCTAT,164,+,CGG,60.0,78.0,0,0,0,0,0,100.0,3,3,3,3,1.0,1.0,1.0,100.0,100.0,100.0,0.0,91.2,Excellent,mecA|164|GGTGCTGGTGCTGCTGCTAT,40/30/30,91.2,Excellent,66.0,1.0,1.0,61.0,92.66666666666669,61.0,50,0,0.0,Weakly conserved,,
mecA,GGTGCTGGTGCTGCTGCTAT,185,+,CGG,60.0,78.0,0,0,0,0,0,100.0,3,3,3,3,1.0,1.0,1.0,100.0,100.0,100.0,0.0,91.2,Excellent,mecA|185|GGTGCTGGTGCTGCTGCTAT,40/30/30,91.2,Excellent,66.0,1.0,1.0,61.0,92.66666666666669,61.0,50,0,0.0,Weakly conserved,,
mecA,GGTGCTGGTGCTGCTGCTAT,206,+,CGG,60.0,78.0,0,0,0,0,0,100.0,3,3,3,3,1.0,1.0,1.0,100.0,100.0,100.0,0.0,91.2,Excellent,mecA|206|GGTGCTGGTGCTGCTGCTAT,40/30/30,91.2,Excellent,66.0,1.0,1.0,61.0,92.66666666666669,61.0,50,0,0.0,Weakly conserved,,
mecA,GGTGCTGGTGCTGCTGCTAT,227,+,CGG,60.0,78.0,0,0,0,0,0,100.0,3,3,3,3,1.0,1.0,1.0,100.0,100.0,100.0,0.0,91.2,Excellent,mecA|227|GGTGCTGGTGCTGCTGCTAT,40/30/30,91.2,Excellent,66.0,1.0,1.0,61.0,92.66666666666669,61.0,50,0,0.0,Weakly conserved,,
mecA,GGTGCTGGTGCTGCTGCTAT,248,+,CGG,60.0,78.0,0,0,0,0,0,100.0,3,3,3,3,1.0,1.0,1.0,100.0,100.0,100.0,0.0,91.2,Excellent,mecA|248|GGTGCTGGTGCTGCTGCTAT,40/30/30,91.2,Excellent,66.0,1.0,1.0,61.0,92.66666666666669,61.0,50,0,0.0,Weakly conserved,,
mecA,GTTGCTGATGCTGGTGCTAT,287,+,CGG,50.0,78.0,0,0,0,0,0,100.0,3,3,3,3,1.0,1.0,1.0,100.0,100.0,100.0,0.0,91.2,Excellent,mecA|287|GTTGCTGATGCTGGTGCTAT,40/30/30,91.2,Excellent,66.0,1.0,1.0,61.0,92.66666666666669,61.0,50,0,0.0,Weakly conserved,,
mecA,TATGACTGAACGTCCGATAA,52,+,AGG,40.0,76.0,0,0,0,0,0,100.0,3,3,3,3,1.0,1.0,1.0,100.0,100.0,100.0,0.0,90.4,Excellent,mecA|52|TATGACTGAACGTCCGATAA,40/30/30,90.4,Excellent,109.0,1.0,1.0,102.0,92.0,102.0,50,0,0.0,Weakly conserved,,
mecA,GCAGCAATGCCAACCTTTAT,65,-,CGG,45.0,70.0,0,0,0,0,0,100.0,3,3,3,3,1.0,1.0,1.0,100.0,100.0,100.0,0.0,88.0,Excellent,mecA|65|GCAGCAATGCCAACCTTTAT,40/30/30,88.0,Excellent,133.0,1.0,1.0,123.0,90.0,123.0,50,0,0.0,Weakly conserved,,
